"UUID","FILE","QUOTE_TRANSCRIPTION","ANCHOR","TYPE","URI","VOCAB_LABEL","VOCAB_TEMPORAL_BOUNDS","LAT","LNG","PLACE_TYPE","VERIFICATION_STATUS","TAGS","COMMENTS","GROUP_ID","GROUP_ORDER"
"221d03c2-0a3c-468e-bbad-1b458f37fc30","Domar a la divina garza - Sergio Pitol.txt","Marietta Karapetiz","char-offset:251","PERSON","","","","","","","","#creación literaria|#narrativa|#novela|#personajes","Antagonista de DDG|Personaje de la novela escrita por el viejo novelista que se llamará ""Domar a la divina garza""

","",""
"8e0d5f63-e152-4373-ba8d-ccf2c0e03597","Domar a la divina garza - Sergio Pitol.txt","Dante C. de la Estrella","char-offset:294","PERSON","","","","","","","","#creación literaria|#narrativa|#novela|#personajes","Protagonista de DDG|Personaje de la novela escrita por el viejo novelista que se llamará ""Domar a la divina garza""","",""
"6a9cf0fe-1315-489e-91c5-8f91284f453c","Domar a la divina garza - Sergio Pitol.txt","personajes","char-offset:443","","","","","","","","","#narrativa|#creación literaria|#personajes","Campo semántico: creación literaria","",""
"f93a0575-cf04-4be9-a21a-05959ff114bf","Domar a la divina garza - Sergio Pitol.txt","Estambul","char-offset:1057","PLACE","http://sws.geonames.org/745044","İstanbul","","41.01384","28.94966","","UNVERIFIED","","","",""
"3b797fcd-1422-47d2-8824-6827f72fa3c1","Domar a la divina garza - Sergio Pitol.txt","Gogol","char-offset:1278","PERSON","","","","","","","","#creación literaria|#narrativa|#carnaval|#intertexto","Escrior Ruso del Siglo XIX|Nicolás Gógol; Soróchintsy, Gobernación de Poltava, 1 de abril de 1809- Moscú; 4 de marzo de 1852) fue un escritor ruso​ de origen ucraniano. Cultivó varios géneros, pero fue notablemente conocido como dramaturgo, novelista y escritor de cuentos cortos. Su obra más conocida es, probablemente, Almas muertas, considerada por muchos como la primera novela moderna en lengua rusa.","",""
"6d2caf9a-8ab0-4456-a14b-c9a5da09ac30","Domar a la divina garza - Sergio Pitol.txt","rabelesiana","char-offset:1311","","","","","","","","","#intertexto|#carnaval|#humor","Hace alusión a François Rabelais (Chinon c. 1483 o 1494 según las fuentes-París, 1553) fue un escritor, pedagogo, médico y humanista francés. ","",""
"4d01be72-2489-423c-b25f-48ccb34c786c","Domar a la divina garza - Sergio Pitol.txt","Domar a la divina garza","char-offset:1658","EVENT","","","","","","","","#creación literaria|#puesta en abismo|#narrativa","Obra que escribe el viejo novelista y que estamos leyendo","",""
"8c85aaf4-555b-4e85-a3ee-d2fbdf85b12f","Domar a la divina garza - Sergio Pitol.txt","viejo novelista","char-offset:1936","PERSON","","","","","","","","#narrativa|#creación literaria|#edad","Personaje (marco de la narración)","",""
"765149e1-e6e0-4892-a6fd-27f39bdcacf5","Domar a la divina garza - Sergio Pitol.txt","muestra su laboratorio y reflexiona sobre los materiales","char-offset:1990","","","","","","","","","#creación literaria|#narrativa|#novela|#puesta en abismo","Puesta en abismo. Creación literaria. Proceso creativo","",""
"d4556dd0-d78d-4f9c-a1aa-70461de105fd","Domar a la divina garza - Sergio Pitol.txt","viejo escritor","char-offset:2102","PERSON","","","","","","","","#narrativa|#creación literaria|#edad|#novelista","Novelista","",""
"cc1754a7-9809-4178-a2ca-2a7b5ad41fba","Domar a la divina garza - Sergio Pitol.txt","novela novela","char-offset:2142","","","","","","","","","#narrativa|#creación literaria|#novela","Campo semántico: producción narrativa","",""
"69907a53-d376-4e43-ac88-4eb316084437","Domar a la divina garza - Sergio Pitol.txt","dos o tres capítulos","char-offset:2229","","","","","","","","","#narrativa|#creación literaria","Campo semántico novela","",""
"c6d975a7-d91a-45ff-ad89-07ab572e2e51","Domar a la divina garza - Sergio Pitol.txt","Carlos Montiel","char-offset:2435","PERSON","","","","","","","","#narrativa|#personajes|#critica literaria","Es una referencia a Carlos Monsivais, escritor, periodista y crítico literario mejicano, contemporáneo y amigo de Sergio Pitol","",""
"51af96b7-ee59-41d1-8b2f-b89f761f60f5","Domar a la divina garza - Sergio Pitol.txt","primeros cuentos","char-offset:2545","","","","","","","","","#narrativa|#cuento","Campo semántico: creación narrativa","",""
"75c1ace7-0973-4a25-b63b-87dab9ab9e4c","Domar a la divina garza - Sergio Pitol.txt","personajes","char-offset:2588","","","","","","","","","#narrativa|#creación literaria|#personajes","Campo semántico: creación literaria","",""
"7d58465a-704f-4d1a-8790-df275356c96f","Domar a la divina garza - Sergio Pitol.txt","Facultad","char-offset:2649","PLACE","http://sws.geonames.org/3530597","Mexico City","","19.42847","-99.12766","","VERIFIED","#creación literaria|#narrativa|#personajes","Se refiere a la UNAM, ubicada en la Ciudad de México, donde se conocieron durante su formación universitaria","",""
"b48853cb-6f2a-4e05-be8d-e11d055198fa","Domar a la divina garza - Sergio Pitol.txt","jamesiano","char-offset:2796","PERSON","","","","","","","","#creación literaria|#narrativa|#personajes","En alusión a la teoría de James y Lange referida a la emoción.","",""
"dea28d0e-1d07-4005-b03f-9ee8a27071f6","Domar a la divina garza - Sergio Pitol.txt","atmósfera","char-offset:3057","","","","","","","","","#narrativa|#creación literaria|#novela","Campo semántico: creación literaria","",""
"e7561384-62c3-49a1-963d-2e6ae9554ad5","Domar a la divina garza - Sergio Pitol.txt","Montiel","char-offset:3252","PERSON","","","","","","","","#narrativa|#creación literaria|#personajes","Carlos Montiel|Nueva referencia a Carlos Monsivais, escritor, periodista y crítico literario mejicano, contemporáneo y amigo de Sergio Pitol","",""
"1e08cdb0-60b8-41a3-b24a-9738d54340d8","Domar a la divina garza - Sergio Pitol.txt","todo lo escrito","char-offset:3316","","","","","","","","","#narrativa|#creación literaria","Campo semántico: creación literaria","",""
"857326be-dd9d-4ef0-9b4c-023027b53d1d","Domar a la divina garza - Sergio Pitol.txt","literatura","char-offset:3394","","","","","","","","","#creación literaria|#narrativa","Creación literaria","",""
"c3abc497-3a70-486a-aa17-cfbef82a6b1e","Domar a la divina garza - Sergio Pitol.txt","sesenta y cinco años","char-offset:3516","PERSON","","","","","","","","#creación literaria|#narrativa|#edad","Personaje novelista|Referencia al personaje novelista.","",""
"a6a86433-5d27-4ca1-b18f-f21af4bfde2b","Domar a la divina garza - Sergio Pitol.txt","una edad","char-offset:3878","PERSON","","","","","","","","#narrativa|#creación literaria|#edad","Personaje protagonista","",""
"ffcb6c02-1b90-4c06-b545-f684bad1c46e","Domar a la divina garza - Sergio Pitol.txt","la obra","char-offset:4385","","","","","","","","","#puesta en abismo|#creación literaria|#narrativa|#intertexto","Proceso creativo","",""
"44c46f1d-f436-4e69-85d0-7a01a5c40dcd","Domar a la divina garza - Sergio Pitol.txt","a lo largo de los años","char-offset:4473","PERSON","","","","","","","","#personajes|#edad|#novelista","Personaje edad","",""
"7d786faf-f926-4ffc-b735-35ddb67ae10a","Domar a la divina garza - Sergio Pitol.txt","libro","char-offset:4552","","","","","","","","","#creación literaria|#narrativa|#puesta en abismo","Proceso creativo","",""
"a939b691-8660-4f65-9cf9-b132dc2d246d","Domar a la divina garza - Sergio Pitol.txt","El fin","char-offset:4827","PERSON","","","","","","","","#creación literaria|#edad|#personajes|#novelista","Personaje novelista. Se refiere al fin de sus días, su edad","",""
"6e8be2ff-1733-4b40-a8f0-c2dab2b68d50","Domar a la divina garza - Sergio Pitol.txt","libro","char-offset:4854","","","","","","","","","#creación literaria|#narrativa|#puesta en abismo","Proceso creativo","",""
"f0b63cd3-c3eb-46bc-9f03-365b418e989d","Domar a la divina garza - Sergio Pitol.txt","una novela","char-offset:5104","","","","","","","","","#creación literaria|#narrativa|#novela|#puesta en abismo","Proceso creativo","",""
"354dc1a9-8c09-4ac5-bbee-bd8790f6e8a7","Domar a la divina garza - Sergio Pitol.txt","Sus héroes","char-offset:5158","","","","","","","","","#narrativa|#creación literaria|#personajes|#puesta en abismo","Narrativa. Creación literaria. Personajes.","",""
"499205d4-8b3a-4633-af88-972afb8dd254","Domar a la divina garza - Sergio Pitol.txt","Morelos","char-offset:5421","PLACE","http://sws.geonames.org/3995398","Morelos","","22.86215","-102.61061","","VERIFIED","#creación literaria|#escenario|#personajes","","",""
"42d3b233-e1d2-4ac0-a2f4-9ca41805fb1f","Domar a la divina garza - Sergio Pitol.txt","veracruzana","char-offset:5453","PLACE","http://sws.geonames.org/8859789","Veracruz","","16.40417","-91.99944","","VERIFIED","#narrativa|#personajes|#escenario","","",""
"069ca04e-0739-4020-a709-81e00baad24f","Domar a la divina garza - Sergio Pitol.txt","personajes","char-offset:5975","","","","","","","","","#narrativa|#creación literaria|#personajes|#puesta en abismo","Campo semántico: creación literaria","",""
"2c053adf-b1c5-4ffc-b93c-0b9e1cb7b568","Domar a la divina garza - Sergio Pitol.txt","Lord Jim","char-offset:6010","PERSON","","","","","","","","#narrativa|#personajes|#novela|#intertexto","Personaje de la novela homónima de Joseph Conrad
https://es.wikipedia.org/wiki/Lord_Jim_(novela)","",""
"faba14d5-ec85-4094-8c0f-fdc2411d4191","Domar a la divina garza - Sergio Pitol.txt","Aliocha Karamazov","char-offset:6020","PERSON","","","","","","","","","Personaje de la novela ""Los hermanos Karamazov"" ","",""
"8fb87d6a-b8e4-4d8e-92da-26e07aed8f96","Domar a la divina garza - Sergio Pitol.txt","Aliocha Karamazov","char-offset:6020","PERSON","","","","","","","","#narrativa|#personajes|#novela|#intertexto","Personaje literario de la novela ""Los hermanos Karamazov"" 
https://es.wikipedia.org/wiki/Los_hermanos_Karamazov","",""
"cfc1ffdc-af93-4fb3-8bfb-ec3dbfb06566","Domar a la divina garza - Sergio Pitol.txt","Fabrizio del Dango","char-offset:6039","PERSON","","","","","","","","#narrativa|#personajes|#novela|#intertexto","Personaje protagonista de la novela ""La cartuja de Parma"" de Stendal","",""
"67176b26-f50e-41da-bfc7-93b6059eaf61","Domar a la divina garza - Sergio Pitol.txt","protagonistas","char-offset:6214","","","","","","","","","#creación literaria|#narrativa|#personajes","Creación literaria. Narración. Personajes.","",""
"0c10bae9-41fd-4ec7-aa81-d957708c4148","Domar a la divina garza - Sergio Pitol.txt","Córdoba","char-offset:6436","PLACE","http://sws.geonames.org/3530240","Córdoba","","18.8842","-96.92559","","VERIFIED","#narrativa|#personajes|#escenario","","",""
"98263465-cc7d-43ad-acb1-0ffbef9165c4","Domar a la divina garza - Sergio Pitol.txt","Cuernavaca","char-offset:6445","PLACE","http://sws.geonames.org/3529947","Cuernavaca","","18.9261","-99.23075","","VERIFIED","#narrativa|#personajes|#escenario","","",""
"1791bba9-9a89-40cf-b8ac-6d062c223e30","Domar a la divina garza - Sergio Pitol.txt","San Andrés Tuxtla","char-offset:6457","PLACE","http://sws.geonames.org/3514843","Vega de Alatorre","","20.02823","-96.64751","","VERIFIED","#narrativa|#personajes|#escenario","","",""
"0858eb01-3ffa-43b6-9100-ea4a0bb6f663","Domar a la divina garza - Sergio Pitol.txt","Huatusco","char-offset:6476","PLACE","http://sws.geonames.org/3526993","Huatusco de Chicuellar","","19.14876","-96.9676","","VERIFIED","#narrativa|#personajes|#escenario","","",""
"7b0cc33c-43e2-4dcf-9ca9-2c98d988dbff","Domar a la divina garza - Sergio Pitol.txt","Tepoztlán","char-offset:6486","PLACE","http://sws.geonames.org/3515811","Tepoztlán","","18.98622","-99.10051","","VERIFIED","#narrativa|#personajes|#escenario","","",""
"d4e259c2-1f67-46db-b458-e0c2e64134e4","Domar a la divina garza - Sergio Pitol.txt","Cuautla","char-offset:6498","PLACE","http://sws.geonames.org/4012400","Cuautla","","20.20139","-104.4075","","VERIFIED","#narrativa|#personajes|#escenario","","",""
"5f2e167a-084c-4a5d-b926-0b5ce46b8726","Domar a la divina garza - Sergio Pitol.txt","Viejas criaturas neurasténicas","char-offset:7145","","","","","","","","","#creación literaria|#narrativa|#personajes","Creación literaria. Narrativa. Personajes","",""
"93f88f0e-3165-4d2a-af60-e0d7ffaccee7","Domar a la divina garza - Sergio Pitol.txt","protagonistas","char-offset:7277","","","","","","","","","#creación literaria|#narrativa|#personajes|#puesta en abismo","Creación literaria. Narración. Personajes.","",""
"f37cf0bb-c6de-4ef4-bb4f-bca335b05638","Domar a la divina garza - Sergio Pitol.txt","segunda categoría","char-offset:7367","","","","","","","","","#creación literaria|#narrativa|#personajes|#puesta en abismo","Creación literaria. Narrativa. Personajes","",""
"3ff4dfb9-e399-431e-a174-26dea6aa9dca","Domar a la divina garza - Sergio Pitol.txt","La tormenta","char-offset:8672","EVENT","","","","","","","","#pintura|#exilio|#EEUU|#escenario","La tormenta en el mar de Galilea es una obra del pintor holandés Rembrandt, pintada hacia 1633, que se exhibía en el Museo Isabella Stewart Gardner de Boston, Massachusetts, Estados Unidos.","",""
"5b3cb200-018c-4d15-9ca3-0a4df0c31126","Domar a la divina garza - Sergio Pitol.txt","Venus yacent","char-offset:8690","EVENT","","","","","","","","#pintura|#exilio|#Europa|#escenario","La Venus durmiente, también llamada Venus de Dresde, es una obra pintada con la técnica del óleo sobre lienzo, sumamente importante por la influencia que ejerció en la representación de la diosa Venus tendida, tema recurrente en el Renacimiento y Barroco (Tiziano, Rubens...).


Se trata de una de las últimas creaciones de Giorgione, realizada hacia 1510. Posee las siguientes dimensiones: 108,5 cm de altura por 175 cm de longitud.
Localización Gemäldegalerie Alte Meister, Dresde,  Alemania","",""
"5f48c7da-c305-4f4d-89eb-00c9ca146a9c","Domar a la divina garza - Sergio Pitol.txt","Bienal de Venecia la exposición Matisse,","char-offset:8797","EVENT","","","","","","","","#pintura|#exilio|#Europa|#escenario","La Bienal de Venecia (en italiano: La Biennale di Venezia) es una exposición cultural internacional que la Fundación Bienal organiza anualmente en Venecia, Italia.​ La bienal se organiza todos los años desde 1895, lo que la convierte en la más antigua de su tipo.


Henri Émile Benoît Matisse (Le Cateau-Cambrésis, 31 de diciembre de 1869-Niza, 3 de noviembre de 1954) fue un pintor francés conocido por su uso del color y por su empleo original y fluido del dibujo.","",""
"7a3bded3-e409-458b-b44c-a88d3b216117","Domar a la divina garza - Sergio Pitol.txt","Adrián Leverkühn","char-offset:9004","PERSON","","","","","","","","#narrativa|#creación literaria|#personajes|#intertexto","Personaje protagonista de la novela de Thomas Mann, ""Doktor Faustus"", que relata su historia, la del compositor alemán","",""
"63c9345a-b197-4e15-827e-d59ec5b4e997","Domar a la divina garza - Sergio Pitol.txt","Montiel","char-offset:9908","PERSON","","","","","","","","#narrativa|#creación literaria|#personajes","Nueva referencia a Carlos Monsivais, escritor, periodista y crítico literario mejicano, contemporáneo y amigo de Sergio Pitol|Carlos Montiel","",""
"07687991-4fb7-4fbb-81ca-a09ffa0e8d30","Domar a la divina garza - Sergio Pitol.txt","sesenta y cinco años","char-offset:10189","PERSON","","","","","","","","#creación literaria|#narrativa|#edad|#personajes|#novelista","Referencia al personaje novelista.","",""
"4ad41542-ba25-4abe-bd93-4e64404e2f71","Domar a la divina garza - Sergio Pitol.txt","esbozar algunas notas","char-offset:10681","","","","","","","","","#creación literaria|#narrativa|#novela|#novelista|#puesta en abismo","Puesta en abismo, el trabajo del novelista.","",""
"88514ef9-9010-478b-b2ca-c8bbc65e2e2e","Domar a la divina garza - Sergio Pitol.txt","Estambul","char-offset:10840","PLACE","http://sws.geonames.org/745044","İstanbul","","41.01384","28.94966","","UNVERIFIED","#creación literaria|#narrativa|#escenario","","",""
"8573c7d0-87cf-4ace-bd1d-f993032d47f1","Domar a la divina garza - Sergio Pitol.txt","la fiesta","char-offset:10879","","","","","","","","","#creación literaria|#carnaval|#novela","Conexión con el carnaval, el ritual","",""
"a85b31e7-e9be-4223-b2d6-f2090d0f7370","Domar a la divina garza - Sergio Pitol.txt","A)","char-offset:10949","","","","","","","","","#creación literaria|#narrativa|#novela|#puesta en abismo|#intertexto","Primera nota","",""
"56de0b23-a844-441f-b212-db570a7a4bc2","Domar a la divina garza - Sergio Pitol.txt","libro","char-offset:10956","","","","","","","","","#creación literaria|#narrativa","Proceso creativo","",""
"89eeb939-7c26-4540-b2e1-ba47fa86be32","Domar a la divina garza - Sergio Pitol.txt","Bajtin","char-offset:10965","PERSON","","","","","","","","#creación literaria|#narrativa|#carnaval|#discurso|#intertexto","Mijaíl Mijáilovich Bajtín (Oriol, 17 de noviembre de 1895-Moscú, 7 de marzo de 1975) fue un historiador, crítico literario, teórico y filósofo del lenguaje de la Unión Soviética.","",""
"16a48416-3638-4a18-85f4-d794bd4e06c2","Domar a la divina garza - Sergio Pitol.txt","la cultura popular en la Edad Media y a principios del Renacimiento","char-offset:10978","EVENT","","","","","","","","#carnaval|#cultura popular|#intertexto","La cultura popular en la Edad Media y el Renacimiento. El contexto de François Rabelais. Obra de Mijail Bajtin","",""
"29dcdd99-e176-4a21-a026-34a4505e1390","Domar a la divina garza - Sergio Pitol.txt","B)","char-offset:11819","","","","","","","","","#creación literaria|#narrativa|#puesta en abismo|#intertexto","Segunda nota. Referencia e intertextos","",""
"d9d38e70-9d85-4a40-be60-6633d96e3afb","Domar a la divina garza - Sergio Pitol.txt","Gogol","char-offset:11823","PERSON","","","","","","","","#creación literaria|#narrativa|#carnaval|#intertexto","Nicolás Gógol; Soróchintsy, Gobernación de Poltava, 1 de abril de 1809- Moscú; 4 de marzo de 1852) fue un escritor ruso​ de origen ucraniano. Cultivó varios géneros, pero fue notablemente conocido como dramaturgo, novelista y escritor de cuentos cortos. Su obra más conocida es, probablemente, Almas muertas, considerada por muchos como la primera novela moderna en lengua rusa.","",""
"77fa1107-214f-48e3-9f06-2c52612e2846","Domar a la divina garza - Sergio Pitol.txt","Bajtin","char-offset:11830","PERSON","","","","","","","","#creación literaria|#narrativa|#carnaval|#discurso|#intertexto","Mijaíl Mijáilovich Bajtín (Oriol, 17 de noviembre de 1895-Moscú, 7 de marzo de 1975) fue un historiador, crítico literario, teórico y filósofo del lenguaje de la Unión Soviética.","",""
"af4a7419-7c74-4f1a-b19b-442c806fa30f","Domar a la divina garza - Sergio Pitol.txt","carnavalesco","char-offset:11856","","","","","","","","","#carnaval|#cultura popular|#creación literaria|#intertexto","Carnaval en la literatura","",""
"4c4fa59b-c654-4b15-aec6-875b30292508","Domar a la divina garza - Sergio Pitol.txt","la obra","char-offset:12004","","","","","","","","","#creación literaria|#narrativa|#intertexto","Proceso creativo","",""
"358bbaec-a0f5-4cb1-8733-3472f2f02e69","Domar a la divina garza - Sergio Pitol.txt","Las almas muertas","char-offset:12361","EVENT","","","","","","","","#personajes|#creación literaria|#narrativa|#novela|#intertexto","Novela, Obra de Gogol|Novela del escritor Gogl","",""
"b340c97e-9b7f-4990-a351-beb2a602b9ab","Domar a la divina garza - Sergio Pitol.txt","Chíchikov, el protagonista","char-offset:12398","PERSON","","","","","","","","#creación literaria|#narrativa|#personajes|#intertexto","Personaje protagonista de la novela ""Las almas muertas"" de Gogol","",""
"008978f9-3942-4103-9a1f-4ad97b4bc10a","Domar a la divina garza - Sergio Pitol.txt","Las almas muertas","char-offset:12952","EVENT","","","","","","","","#creación literaria|#narrativa|#novela|#intertexto","Novela del escritor Gogl","",""
"94522647-43f8-419a-a2d2-55c9bde5392c","Domar a la divina garza - Sergio Pitol.txt","mi protagonista","char-offset:13573","","","","","","","","","#creación literaria|#narrativa|#personajes|#puesta en abismo","Creación literaria,  narrativa, personajes","",""
"561f672a-a589-4e30-bf25-a9f000aee9ad","Domar a la divina garza - Sergio Pitol.txt","personajes","char-offset:13720","","","","","","","","","#narrativa|#creación literaria|#personajes","Campo semántico: creación literaria","",""
"d49582da-ce0f-49b1-8a90-052d25fcecf8","Domar a la divina garza - Sergio Pitol.txt","C)","char-offset:13774","","","","","","","","","#creación literaria|#narrativa|#puesta en abismo|#intertexto","Tercera referencia","",""
"dfc6a158-7026-4923-ab94-9497b1506571","Domar a la divina garza - Sergio Pitol.txt","Pepe Brozas","char-offset:13778","PERSON","","","","","","","","#creación literaria|#narrativa|#personajes","Apodo de José Rosas, compañero del viejo novelista y de Carlos Montiel de la UNAM
Personaje de ficción","",""
"4a07394c-ca3a-4849-96ad-583549cce7e3","Domar a la divina garza - Sergio Pitol.txt","José Rosas","char-offset:13941","PERSON","","","","","","","","","José Rosas,  cuyo apodo era Pepe Brozas, era compañero del viejo novelista y de Carlos Montiel de la UNAM
Personaje de ficción","",""
"1b4a6c5e-ccee-40ef-a0db-0b3d60870281","Domar a la divina garza - Sergio Pitol.txt","Facultad","char-offset:13969","PLACE","http://sws.geonames.org/3530597","Mexico City","","19.42847","-99.12766","","VERIFIED","#creación literaria|#narrativa|#personajes","Se refiere a la UNAM, ubicada en la Ciudad de México, donde se conocieron durante su formación universitaria","",""
"7dea83f8-a0f8-4e08-bc1c-8e71061c4a26","Domar a la divina garza - Sergio Pitol.txt","Piedras Negras","char-offset:14103","PLACE","http://sws.geonames.org/3992619","Piedras Negras","","28.70007","-100.52353","","VERIFIED","#creación literaria|#personajes|#escenario","","",""
"26916d0e-1f2b-4110-aab3-a2cdd7cfa139","Domar a la divina garza - Sergio Pitol.txt","México","char-offset:14127","PLACE","http://sws.geonames.org/3523272","México","","19.364702786652465","-99.63794497692585","","VERIFIED","#creación literaria|#personajes|#escenario","","",""
"146b109e-ec26-4830-9ed9-94a48db64d36","Domar a la divina garza - Sergio Pitol.txt","Roma,","char-offset:14200","PLACE","http://dare.ht.lu.se/places/45810","Infernaccio, Roma","","41.82796","12.41433","","VERIFIED","#creación literaria|#personajes|#escenario|#Europa","","",""
"d057b443-b656-40c3-952d-9104909fd085","Domar a la divina garza - Sergio Pitol.txt","Cuernavaca","char-offset:14828","PLACE","http://sws.geonames.org/3529947","Cuernavaca","","18.9261","-99.23075","","VERIFIED","#narrativa|#personajes|#escenario","","",""
"eac42bed-7808-4101-8cde-23f0a4c081be","Domar a la divina garza - Sergio Pitol.txt","Dante Alighieri","char-offset:15022","PERSON","","","","","","","","#creación literaria|#narrativa|#novelista","Dante Alighieri, bautizado Durante di Alighiero degli Alighieri (Florencia, c. 29 de mayo de 1265-Rávena, 14 de septiembre de 1321), fue un poeta y escritor italiano, conocido por escribir la Divina comedia, una de las obras fundamentales de la transición del pensamiento medieval al renacentista y una de las cumbres de la literatura universal","",""
"d78a9d48-ecd8-4afe-87e1-3e17e9127656","Domar a la divina garza - Sergio Pitol.txt","La divina comedia","char-offset:15074","EVENT","","","","","","","","#creación literaria|#narrativa","Obra literaria de Dante Alighieri","",""
"860a0226-d495-443c-96b5-e072b5c19431","Domar a la divina garza - Sergio Pitol.txt","Berlín","char-offset:15439","PLACE","http://sws.geonames.org/3587266","Berlín","","13.5","-88.53333","","VERIFIED","#creación literaria|#escenario|#personajes|#viejo novelista","Lugar de residencia del viejo novelista","",""
"a0850595-c331-4923-a2a0-707489eb6577","Domar a la divina garza - Sergio Pitol.txt","nota sobre aquel alemán","char-offset:15478","","","","","","","","","#creación literaria|#narrativa|#personajes|#puesta en abismo","Cuarta referencia. ","",""
"2d76d3f0-1a40-4f1f-a1a1-4ebd2d83c85f","Domar a la divina garza - Sergio Pitol.txt","Matthias Glaubner o Glaubener.","char-offset:15541","PERSON","","","","","","","","#creación literaria|#narrativa|#personajes","Personaje de ficción.
Conocido del viejo novelista. Universidad","",""
"dc7f01d5-4116-4980-9bd5-cd5f49662b3f","Domar a la divina garza - Sergio Pitol.txt","Las ciudades invisibles","char-offset:16338","EVENT","","","","","","","","#creación literaria|#narrativa|#novela","Novela de Ítalo Calvino","",""
"514665dd-cdad-47d8-bcb1-52b966266a47","Domar a la divina garza - Sergio Pitol.txt","Calvino","char-offset:16365","PERSON","","","","","","","","#creación literaria|#narrativa|#novelista","Italo Calvino (Santiago de Las Vegas, Provincia de La Habana, 15 de octubre de 1923 - Siena, 19 de septiembre de 1985) fue un periodista y escritor italiano, principalmente de cuentos y novelas. Entre sus obras más conocidas se incluyen la trilogía Nuestros antepasados (1952–1959), la colección de cuentos de Las cosmicómicas (1965) y las novelas Ciudades invisibles (1972) y Si una noche de invierno un viajero (1979).","",""
"ac82f499-2323-4dea-8a80-71d33fc5534d","Domar a la divina garza - Sergio Pitol.txt","Calvino","char-offset:16541","PERSON","","","","","","","","#creación literaria|#narrativa|#novelista","Italo Calvino (Santiago de Las Vegas, Provincia de La Habana, 15 de octubre de 1923 - Siena, 19 de septiembre de 1985) fue un periodista y escritor italiano, principalmente de cuentos y novelas. Entre sus obras más conocidas se incluyen la trilogía Nuestros antepasados (1952–1959), la colección de cuentos de Las cosmicómicas (1965) y las novelas Ciudades invisibles (1972) y Si una noche de invierno un viajero (1979).","",""
"8561ec1e-615d-421a-98e1-43bec1a3df98","Domar a la divina garza - Sergio Pitol.txt","El sendero de los nidos de araña","char-offset:16713","EVENT","","","","","","","","#creación literaria|#narrativa|#novela","Primera novela de Ítalo Calvino","",""
"72875ee9-896c-48fa-8d9c-09ef9f0b5c79","Domar a la divina garza - Sergio Pitol.txt","una novela","char-offset:16915","","","","","","","","","#creación literaria|#narrativa","Proceso creativo","",""
"2363cbab-f2be-4aef-9239-e25bebf26fb2","Domar a la divina garza - Sergio Pitol.txt","Calvino","char-offset:17349","PERSON","","","","","","","","#creación literaria|#narrativa|#novelista","Italo Calvino (Santiago de Las Vegas, Provincia de La Habana, 15 de octubre de 1923 - Siena, 19 de septiembre de 1985) fue un periodista y escritor italiano, principalmente de cuentos y novelas. Entre sus obras más conocidas se incluyen la trilogía Nuestros antepasados (1952–1959), la colección de cuentos de Las cosmicómicas (1965) y las novelas Ciudades invisibles (1972) y Si una noche de invierno un viajero (1979).","",""
"48290531-5930-409c-9c1b-d93377f44b89","Domar a la divina garza - Sergio Pitol.txt","Calvino","char-offset:17663","PERSON","","","","","","","","#creación literaria|#narrativa|#novelista","Italo Calvino (Santiago de Las Vegas, Provincia de La Habana, 15 de octubre de 1923 - Siena, 19 de septiembre de 1985) fue un periodista y escritor italiano, principalmente de cuentos y novelas. Entre sus obras más conocidas se incluyen la trilogía Nuestros antepasados (1952–1959), la colección de cuentos de Las cosmicómicas (1965) y las novelas Ciudades invisibles (1972) y Si una noche de invierno un viajero (1979).","",""
"3dde463a-29cc-44ca-bfb5-76e797350506","Domar a la divina garza - Sergio Pitol.txt","Rosas con Dante","char-offset:18082","","","","","","","","","#creación literaria|#narrativa|#personajes|#puesta en abismo","Analogía y referencia al personaje recientemente mencionado","",""
"d904e376-2bd5-471e-8e1f-8c6ec277bb44","Domar a la divina garza - Sergio Pitol.txt","un personaje como Pepe Brozas","char-offset:18152","PERSON","","","","","","","","#creación literaria|#narrativa|#novela","Personaje literario. ","",""
"d220add8-a383-4978-9a96-5b4e304adc0c","Domar a la divina garza - Sergio Pitol.txt","la obra","char-offset:18334","EVENT","","","","","","","","#creación literaria|#narrativa|#intertexto","Proceso creativo","",""
"533d6497-aacc-454a-9ac7-68464f832dfa","Domar a la divina garza - Sergio Pitol.txt","Gogol","char-offset:18526","PERSON","","","","","","","","#creación literaria|#narrativa|#carnaval|#intertexto","Escrior Ruso del Siglo XIX|Nicolás Gógol; Soróchintsy, Gobernación de Poltava, 1 de abril de 1809- Moscú; 4 de marzo de 1852) fue un escritor ruso​ de origen ucraniano. Cultivó varios géneros, pero fue notablemente conocido como dramaturgo, novelista y escritor de cuentos cortos. Su obra más conocida es, probablemente, Almas muertas, considerada por muchos como la primera novela moderna en lengua rusa.","",""
"7dbb13b6-d48c-4a20-a35f-5468471fb303","Domar a la divina garza - Sergio Pitol.txt","la fiesta","char-offset:18850","","","","","","","","","#creación literaria|#carnaval|#novela","Conexión con el carnaval, el ritual","",""
"8d052091-3521-466e-a96a-2d0dd6838c26","Domar a la divina garza - Sergio Pitol.txt","viejo novelista","char-offset:18934","PERSON","","","","","","","","#creación literaria|#narrativa|#puesta en abismo","Personaje narrador","",""
"7a2c3b00-3d78-4bed-ae83-f66c31ade310","Domar a la divina garza - Sergio Pitol.txt","Domar a la divina garza","char-offset:19071","EVENT","","","","","","","","#creación literaria|#puesta en abismo|#narrativa","Obra que escribe el viejo novelista y que estamos leyendo","",""
"b264d81c-2fd4-47d0-8208-e70b66f8847c","Domar a la divina garza - Sergio Pitol.txt","la fiesta","char-offset:19151","","","","","","","","","#creación literaria|#carnaval|#novela","Conexión con el carnaval, el ritual","",""
"d3f1668a-af16-4706-bb29-37e9eb00bc57","Domar a la divina garza - Sergio Pitol.txt","protagonista","char-offset:19441","PERSON","","","","","","","","#creación literaria|#narrativa|#personajes|#novelista","Personaje de DDG creado por el novelista","",""
"9278cc65-d6e2-4987-8311-980538d58cd7","Domar a la divina garza - Sergio Pitol.txt","Marietta Karapetiz,","char-offset:19523","PERSON","","","","","","","","#creación literaria|#narrativa|#personajes","Antagonista en DDG","",""
"70628ae9-3629-486d-927a-0ad3eac658e4","Domar a la divina garza - Sergio Pitol.txt","laberinto gogoliano","char-offset:19621","","","","","","","","","#intertexto|#puesta en abismo|#carnaval","Intertexto Gogol ""Almas muertas""","",""
"87b6d85e-b53f-43a7-ba29-b8fc61edf67d","Domar a la divina garza - Sergio Pitol.txt","Marietta Karapetiz,","char-offset:19728","PERSON","","","","","","","","#creación literaria|#narrativa|#personajes","Antagonista en DDG","",""
"6441d328-b22c-43fb-95a4-efde56d35033","Domar a la divina garza - Sergio Pitol.txt","Alighieri por Virgilio","char-offset:19992","","","","","","","","","#intertexto|#puesta en abismo|#creación literaria","Intertextos","",""
"ac3852a4-6ffa-4fd2-85b7-cb55bff3fb4d","Domar a la divina garza - Sergio Pitol.txt","Dante de la Estrella","char-offset:20058","PERSON","","","","","","","","#creación literaria|#narrativa|#personajes","Nombre del protagonista de DDG","",""
"e1374614-8c22-4c44-bbd5-229d9975f535","Domar a la divina garza - Sergio Pitol.txt","viejo escritor","char-offset:20428","PERSON","","","","","","","","#narrativa|#creación literaria|#edad|#novelista","Novelista","",""
"a7e5b6c1-d596-41d8-b2bd-df49c9584089","Domar a la divina garza - Sergio Pitol.txt","hipotética próxima novela.","char-offset:20470","","","","","","","","","#creación literaria|#narrativa|#novela","Se trata de DDG, novela que estamos leyendo","",""
"b76f6f95-4d1d-43ba-a758-873a0c77395e","Domar a la divina garza - Sergio Pitol.txt","Dante C. de la Estrella","char-offset:20571","PERSON","","","","","","","","#creación literaria|#narrativa|#personajes|#novela","Nombre del protagonista de DDG","",""
"b30d68ae-326e-4f1a-8b62-702f25e0d627","Domar a la divina garza - Sergio Pitol.txt","México","char-offset:23009","PLACE","http://sws.geonames.org/3523272","México","","19.364702786652465","-99.63794497692585","","VERIFIED","","","",""
"6f3b1440-c609-4a20-8f91-fe979f5c1d6e","Domar a la divina garza - Sergio Pitol.txt","Tepoztlán","char-offset:23660","PLACE","http://sws.geonames.org/3515811","Tepoztlán","","18.98622","-99.10051","","VERIFIED","","","",""
"f2cfcbeb-9496-4295-97cb-55ddc2b92e36","Domar a la divina garza - Sergio Pitol.txt","México","char-offset:26968","PLACE","http://sws.geonames.org/3523272","México","","19.364702786652465","-99.63794497692585","","VERIFIED","","","",""
"48a1ba40-46c9-4aee-9a8c-866f77760cda","Domar a la divina garza - Sergio Pitol.txt","la obra","char-offset:29277","EVENT","","","","","","","","#creación literaria|#narrativa|#intertexto","Proceso creativo","",""
"ee3b5c48-9913-4c56-9e48-ffea9f413bf7","Domar a la divina garza - Sergio Pitol.txt","Marietta Karapetiz,","char-offset:31513","PERSON","","","","","","","","#creación literaria|#narrativa|#personajes","Antagonista en DDG","",""
"45b7a521-8e57-4b3d-bc95-6f0fd187d366","Domar a la divina garza - Sergio Pitol.txt","Marietta Karapetiz,","char-offset:31991","PERSON","","","","","","","","#creación literaria|#narrativa|#personajes","Antagonista en DDG","",""
"a94bbea7-7430-4e4b-ab7e-d75383b43b73","Domar a la divina garza - Sergio Pitol.txt","Estambul","char-offset:34866","PLACE","http://sws.geonames.org/745044","İstanbul","","41.01384","28.94966","","UNVERIFIED","","","",""
"0a974b08-27f5-4676-bc35-80d38b7c4459","Domar a la divina garza - Sergio Pitol.txt","Roma,","char-offset:35250","PLACE","http://dare.ht.lu.se/places/45810","Infernaccio, Roma","","41.82796","12.41433","","VERIFIED","","","",""
"b3589f50-5dda-4b05-9c4d-ab5f560ad6da","Domar a la divina garza - Sergio Pitol.txt","literatura","char-offset:35348","EVENT","","","","","","","","#creación literaria|#narrativa","Creación literaria","",""
"132fbcc1-9d24-4211-a885-8907397b2269","Domar a la divina garza - Sergio Pitol.txt","Estambul","char-offset:43367","PLACE","http://sws.geonames.org/745044","İstanbul","","41.01384","28.94966","","UNVERIFIED","","","",""
"19207b5a-87ef-45d9-a3db-e46cd302e6aa","Domar a la divina garza - Sergio Pitol.txt","Estambul","char-offset:44346","PLACE","http://sws.geonames.org/745044","İstanbul","","41.01384","28.94966","","UNVERIFIED","","","",""
"eea76736-67b6-4403-95a9-15875dc9a07a","Domar a la divina garza - Sergio Pitol.txt","Roma,","char-offset:47031","PLACE","http://dare.ht.lu.se/places/45810","Infernaccio, Roma","","41.82796","12.41433","","VERIFIED","","","",""
"2802ad81-b1b6-467b-bde6-4782871b6435","Domar a la divina garza - Sergio Pitol.txt","México","char-offset:52399","PLACE","http://sws.geonames.org/3523272","México","","19.364702786652465","-99.63794497692585","","VERIFIED","","","",""
"24ec6ee5-e056-440a-bf3d-a7c56acaf814","Domar a la divina garza - Sergio Pitol.txt","México","char-offset:54232","PLACE","http://sws.geonames.org/3523272","México","","19.364702786652465","-99.63794497692585","","VERIFIED","","","",""
"d5040273-dadf-4e13-9448-08bec5500f43","Domar a la divina garza - Sergio Pitol.txt","México","char-offset:54513","PLACE","http://sws.geonames.org/3523272","México","","19.364702786652465","-99.63794497692585","","VERIFIED","","","",""
"62501f75-66c6-400b-8173-5cc96d7cd270","Domar a la divina garza - Sergio Pitol.txt","protagonista","char-offset:55695","PERSON","","","","","","","","#creación literaria|#narrativa|#personajes|#novelista","Personaje de DDG creado por el novelista","",""
"759d5fc5-722b-47e7-92f6-a442cd392d55","Domar a la divina garza - Sergio Pitol.txt","México","char-offset:58419","PLACE","http://sws.geonames.org/3523272","México","","19.364702786652465","-99.63794497692585","","VERIFIED","","","",""
"f9b3b0b2-1ad4-4294-94f8-34e8abd8c8df","Domar a la divina garza - Sergio Pitol.txt","México","char-offset:61523","PLACE","http://sws.geonames.org/3523272","México","","19.364702786652465","-99.63794497692585","","VERIFIED","","","",""
"8e8881f1-f507-42e9-85a9-08b99c1c8b06","Domar a la divina garza - Sergio Pitol.txt","Marietta Karapetiz,","char-offset:63240","PERSON","","","","","","","","#creación literaria|#narrativa|#personajes","Antagonista en DDG","",""
"858d500e-387e-4af3-8978-e32dc3931836","Domar a la divina garza - Sergio Pitol.txt","Marietta Karapetiz","char-offset:64318","PERSON","","","","","","","","#creación literaria|#narrativa|#novela|#personajes","Antagonista de DDG|Personaje de la novela escrita por el viejo novelista que se llamará ""Domar a la divina garza""

","",""
"3bb8c527-9b81-4139-bfe9-17962039e335","Domar a la divina garza - Sergio Pitol.txt","literatura","char-offset:64616","EVENT","","","","","","","","#creación literaria|#narrativa","Creación literaria","",""
"8b378d01-5015-4d99-b16f-660aafdfb54c","Domar a la divina garza - Sergio Pitol.txt","México","char-offset:64835","PLACE","http://sws.geonames.org/3523272","México","","19.364702786652465","-99.63794497692585","","VERIFIED","","","",""
"8819ae1c-3fec-47d2-ae6f-91a3e6ffffec","Domar a la divina garza - Sergio Pitol.txt","México","char-offset:65228","PLACE","http://sws.geonames.org/3523272","México","","19.364702786652465","-99.63794497692585","","VERIFIED","","","",""
"ea53ef44-6b93-473c-aa03-944db168da12","Domar a la divina garza - Sergio Pitol.txt","la obra","char-offset:65363","EVENT","","","","","","","","#creación literaria|#narrativa|#intertexto","Proceso creativo","",""
"83bd3001-8eca-4d8d-85aa-98d080fe959d","Domar a la divina garza - Sergio Pitol.txt","México","char-offset:70103","PLACE","http://sws.geonames.org/3523272","México","","19.364702786652465","-99.63794497692585","","VERIFIED","","","",""
"c8152058-8412-4d1e-9e21-f4a743c4ed51","Domar a la divina garza - Sergio Pitol.txt","Estambul","char-offset:71097","PLACE","http://sws.geonames.org/745044","İstanbul","","41.01384","28.94966","","UNVERIFIED","","","",""
"8d332e62-f30c-4e47-99ac-b744fec37098","Domar a la divina garza - Sergio Pitol.txt","México","char-offset:76805","PLACE","http://sws.geonames.org/3523272","México","","19.364702786652465","-99.63794497692585","","VERIFIED","","","",""
"2dfb38d5-857d-4780-8e7b-8b9a26465598","Domar a la divina garza - Sergio Pitol.txt","Roma,","char-offset:77358","PLACE","http://dare.ht.lu.se/places/45810","Infernaccio, Roma","","41.82796","12.41433","","VERIFIED","","","",""
"355391bb-a4ed-4b4a-90e6-a6772950d347","Domar a la divina garza - Sergio Pitol.txt","Roma,","char-offset:80249","PLACE","http://dare.ht.lu.se/places/45810","Infernaccio, Roma","","41.82796","12.41433","","VERIFIED","","","",""
"6b8606b1-f1b1-429c-81a6-ae494650da50","Domar a la divina garza - Sergio Pitol.txt","Roma,","char-offset:82712","PLACE","http://dare.ht.lu.se/places/45810","Infernaccio, Roma","","41.82796","12.41433","","VERIFIED","","","",""
"8fd6af61-839f-4464-b116-99563159cdad","Domar a la divina garza - Sergio Pitol.txt","Marietta Karapetiz","char-offset:87927","PERSON","","","","","","","","#creación literaria|#narrativa|#novela|#personajes","Antagonista de DDG|Personaje de la novela escrita por el viejo novelista que se llamará ""Domar a la divina garza""

","",""
"5805e69c-f8ca-4a43-ae09-f70f4255b547","Domar a la divina garza - Sergio Pitol.txt","libro","char-offset:93255","EVENT","","","","","","","","#creación literaria|#narrativa","Proceso creativo","",""
"acd89f86-f489-4ecb-b826-56f7a752b633","Domar a la divina garza - Sergio Pitol.txt","Dante de la Estrella","char-offset:93626","PERSON","","","","","","","","#creación literaria|#narrativa|#personajes","Nombre del protagonista de DDG","",""
"80fd665f-c0e4-4a92-8a0a-6ab632dbddd4","Domar a la divina garza - Sergio Pitol.txt","México","char-offset:101286","PLACE","http://sws.geonames.org/3523272","México","","19.364702786652465","-99.63794497692585","","VERIFIED","","","",""
"92059b7c-f6b6-4e17-ae91-3bee519237ee","Domar a la divina garza - Sergio Pitol.txt","Dante de la Estrella","char-offset:103008","PERSON","","","","","","","","#creación literaria|#narrativa|#personajes","Nombre del protagonista de DDG","",""
"38454e37-932f-47ac-a19b-534f40bcaf60","Domar a la divina garza - Sergio Pitol.txt","Marietta Karapetiz,","char-offset:106188","PERSON","","","","","","","","#creación literaria|#narrativa|#personajes","Antagonista en DDG","",""
"bf0de52a-424a-4b36-b85a-27822251cd4a","Domar a la divina garza - Sergio Pitol.txt","Roma,","char-offset:111271","PLACE","http://dare.ht.lu.se/places/45810","Infernaccio, Roma","","41.82796","12.41433","","VERIFIED","","","",""
"d1cd6945-124c-4ade-b370-57264eb19799","Domar a la divina garza - Sergio Pitol.txt","Marietta Karapetiz,","char-offset:115716","PERSON","","","","","","","","#creación literaria|#narrativa|#personajes","Antagonista en DDG","",""
"0a5db047-cc96-44bc-a62f-07fe96e65e72","Domar a la divina garza - Sergio Pitol.txt","Dante C. de la Estrella","char-offset:115774","PERSON","","","","","","","","#creación literaria|#narrativa|#novela|#personajes","Protagonista de DDG|Personaje de la novela escrita por el viejo novelista que se llamará ""Domar a la divina garza""","",""
"2d165acc-6673-4ddb-a667-65b29b4b0d54","Domar a la divina garza - Sergio Pitol.txt","atmósfera","char-offset:119315","EVENT","","","","","","","","#narrativa|#creación literaria|#novela","Campo semántico: creación literaria","",""
"873907e8-6de0-4249-b8d8-cc21d3c16367","Domar a la divina garza - Sergio Pitol.txt","Dante de la Estrella","char-offset:120600","PERSON","","","","","","","","#creación literaria|#narrativa|#personajes","Nombre del protagonista de DDG","",""
"2d759c02-2991-40a7-9ccd-4cbf5b33ada1","Domar a la divina garza - Sergio Pitol.txt","Roma,","char-offset:127272","PLACE","http://dare.ht.lu.se/places/45810","Infernaccio, Roma","","41.82796","12.41433","","VERIFIED","","","",""
"63edaa09-be3b-43a8-b4fc-f78318235409","Domar a la divina garza - Sergio Pitol.txt","Marietta Karapetiz","char-offset:133175","PERSON","","","","","","","","#creación literaria|#narrativa|#novela|#personajes","Antagonista de DDG|Personaje de la novela escrita por el viejo novelista que se llamará ""Domar a la divina garza""

","",""
"b3db5853-fcb2-40d0-8cad-4f8166d8c558","Domar a la divina garza - Sergio Pitol.txt","la obra","char-offset:139805","EVENT","","","","","","","","#creación literaria|#narrativa|#intertexto","Proceso creativo","",""
"859be6e4-1ac5-49b4-a798-a73e18dbfb5f","Domar a la divina garza - Sergio Pitol.txt","Marietta Karapetiz","char-offset:141080","PERSON","","","","","","","","#creación literaria|#narrativa|#novela|#personajes","Antagonista de DDG|Personaje de la novela escrita por el viejo novelista que se llamará ""Domar a la divina garza""

","",""
"482c0224-9581-46fe-b9c9-b5cbd89e1e89","Domar a la divina garza - Sergio Pitol.txt","Marietta Karapetiz,","char-offset:149109","PERSON","","","","","","","","#creación literaria|#narrativa|#personajes","Antagonista en DDG","",""
"b397ab79-8d30-49f2-ac39-7ef2f30c5714","Domar a la divina garza - Sergio Pitol.txt","Marietta Karapetiz","char-offset:150212","PERSON","","","","","","","","#creación literaria|#narrativa|#novela|#personajes","Antagonista de DDG|Personaje de la novela escrita por el viejo novelista que se llamará ""Domar a la divina garza""

","",""
"48dabbba-e253-4bdf-a806-e51956e22de2","Domar a la divina garza - Sergio Pitol.txt","México","char-offset:154231","PLACE","http://sws.geonames.org/3523272","México","","19.364702786652465","-99.63794497692585","","VERIFIED","","","",""
"128cc8b9-6417-4866-92c1-dfc36ee3a593","Domar a la divina garza - Sergio Pitol.txt","Dante de la Estrella","char-offset:154694","PERSON","","","","","","","","#creación literaria|#narrativa|#personajes","Nombre del protagonista de DDG","",""
"f93976cf-18c1-46c0-ab6c-20528d05f384","Domar a la divina garza - Sergio Pitol.txt","Roma,","char-offset:156130","PLACE","http://dare.ht.lu.se/places/45810","Infernaccio, Roma","","41.82796","12.41433","","VERIFIED","","","",""
"af3871be-35db-4828-860c-ec712df62dfd","Domar a la divina garza - Sergio Pitol.txt","Marietta Karapetiz","char-offset:156332","PERSON","","","","","","","","#creación literaria|#narrativa|#novela|#personajes","Antagonista de DDG|Personaje de la novela escrita por el viejo novelista que se llamará ""Domar a la divina garza""

","",""
"f3084793-b0a1-4157-b4fa-a169ee6e7d0e","Domar a la divina garza - Sergio Pitol.txt","Marietta Karapetiz","char-offset:161397","PERSON","","","","","","","","#creación literaria|#narrativa|#novela|#personajes","Antagonista de DDG|Personaje de la novela escrita por el viejo novelista que se llamará ""Domar a la divina garza""

","",""
"c0732c1d-4ef6-4645-a40b-5c43c50c4f7e","Domar a la divina garza - Sergio Pitol.txt","Marietta Karapetiz,","char-offset:162739","PERSON","","","","","","","","#creación literaria|#narrativa|#personajes","Antagonista en DDG","",""
"b950089b-3df7-4cf7-a9fe-385d207d768c","Domar a la divina garza - Sergio Pitol.txt","libro","char-offset:163778","EVENT","","","","","","","","#creación literaria|#narrativa","Proceso creativo","",""
"15b15dd8-7831-474a-82ee-a2bcd8fec438","Domar a la divina garza - Sergio Pitol.txt","la obra","char-offset:164953","EVENT","","","","","","","","#creación literaria|#narrativa|#intertexto","Proceso creativo","",""
"1f104132-226c-40aa-b867-30c449a46735","Domar a la divina garza - Sergio Pitol.txt","Marietta Karapetiz","char-offset:165134","PERSON","","","","","","","","#creación literaria|#narrativa|#novela|#personajes","Antagonista de DDG|Personaje de la novela escrita por el viejo novelista que se llamará ""Domar a la divina garza""

","",""
"fba58eee-a354-4e1c-9593-2f3380a5a11e","Domar a la divina garza - Sergio Pitol.txt","Gogol","char-offset:165846","PERSON","","","","","","","","#creación literaria|#narrativa|#carnaval|#intertexto","Escrior Ruso del Siglo XIX|Nicolás Gógol; Soróchintsy, Gobernación de Poltava, 1 de abril de 1809- Moscú; 4 de marzo de 1852) fue un escritor ruso​ de origen ucraniano. Cultivó varios géneros, pero fue notablemente conocido como dramaturgo, novelista y escritor de cuentos cortos. Su obra más conocida es, probablemente, Almas muertas, considerada por muchos como la primera novela moderna en lengua rusa.","",""
"ced643fa-c34f-40b5-81d0-550e277d2bdb","Domar a la divina garza - Sergio Pitol.txt","Gogol","char-offset:166518","PERSON","","","","","","","","#creación literaria|#narrativa|#carnaval|#intertexto","Escrior Ruso del Siglo XIX|Nicolás Gógol; Soróchintsy, Gobernación de Poltava, 1 de abril de 1809- Moscú; 4 de marzo de 1852) fue un escritor ruso​ de origen ucraniano. Cultivó varios géneros, pero fue notablemente conocido como dramaturgo, novelista y escritor de cuentos cortos. Su obra más conocida es, probablemente, Almas muertas, considerada por muchos como la primera novela moderna en lengua rusa.","",""
"79598d8c-8bc1-4a09-b013-b2d118a254f5","Domar a la divina garza - Sergio Pitol.txt","Dante C. de la Estrella","char-offset:167416","PERSON","","","","","","","","#creación literaria|#narrativa|#novela|#personajes","Protagonista de DDG|Personaje de la novela escrita por el viejo novelista que se llamará ""Domar a la divina garza""","",""
"0f400906-90d1-4da4-9448-c533584ebc31","Domar a la divina garza - Sergio Pitol.txt","protagonista","char-offset:169571","PERSON","","","","","","","","#creación literaria|#narrativa|#personajes|#novelista","Personaje de DDG creado por el novelista","",""
"a086fcc5-461b-4254-8e67-48aed1c6342a","Domar a la divina garza - Sergio Pitol.txt","Dante de la Estrella","char-offset:169910","PERSON","","","","","","","","#creación literaria|#narrativa|#personajes","Nombre del protagonista de DDG","",""
"d39a6dc3-7fae-4ad1-85b0-e09a2b733d1b","Domar a la divina garza - Sergio Pitol.txt","libro","char-offset:170496","EVENT","","","","","","","","#creación literaria|#narrativa","Proceso creativo","",""
"da4c8aaf-6fa8-4a82-8414-1bd6683088f1","Domar a la divina garza - Sergio Pitol.txt","la obra","char-offset:170925","EVENT","","","","","","","","#creación literaria|#narrativa|#intertexto","Proceso creativo","",""
"de8343e3-f2ea-4ac4-bc63-023c27905cdd","Domar a la divina garza - Sergio Pitol.txt","Gogol","char-offset:172256","PERSON","","","","","","","","#creación literaria|#narrativa|#carnaval|#intertexto","Escrior Ruso del Siglo XIX|Nicolás Gógol; Soróchintsy, Gobernación de Poltava, 1 de abril de 1809- Moscú; 4 de marzo de 1852) fue un escritor ruso​ de origen ucraniano. Cultivó varios géneros, pero fue notablemente conocido como dramaturgo, novelista y escritor de cuentos cortos. Su obra más conocida es, probablemente, Almas muertas, considerada por muchos como la primera novela moderna en lengua rusa.","",""
"84b473e4-40db-4f15-80d0-29df51c0a5c5","Domar a la divina garza - Sergio Pitol.txt","Marietta Karapetiz","char-offset:172319","PERSON","","","","","","","","#creación literaria|#narrativa|#novela|#personajes","Antagonista de DDG|Personaje de la novela escrita por el viejo novelista que se llamará ""Domar a la divina garza""

","",""
"fc9078a2-c3ac-4cb5-9947-6bc6910be699","Domar a la divina garza - Sergio Pitol.txt","Gogol","char-offset:173047","PERSON","","","","","","","","#creación literaria|#narrativa|#carnaval|#intertexto","Escrior Ruso del Siglo XIX|Nicolás Gógol; Soróchintsy, Gobernación de Poltava, 1 de abril de 1809- Moscú; 4 de marzo de 1852) fue un escritor ruso​ de origen ucraniano. Cultivó varios géneros, pero fue notablemente conocido como dramaturgo, novelista y escritor de cuentos cortos. Su obra más conocida es, probablemente, Almas muertas, considerada por muchos como la primera novela moderna en lengua rusa.","",""
"833dd3f0-91f1-42f3-ad83-218501082d3b","Domar a la divina garza - Sergio Pitol.txt","Marietta Karapetiz","char-offset:173847","PERSON","","","","","","","","#creación literaria|#narrativa|#novela|#personajes","Antagonista de DDG|Personaje de la novela escrita por el viejo novelista que se llamará ""Domar a la divina garza""

","",""
"f9c1910c-2682-4038-806f-8a0f56e3d514","Domar a la divina garza - Sergio Pitol.txt","libro","char-offset:173953","EVENT","","","","","","","","#creación literaria|#narrativa","Proceso creativo","",""
"c692d2f0-c6b5-48f8-af2b-7b9bdf4e0613","Domar a la divina garza - Sergio Pitol.txt","Marietta Karapetiz,","char-offset:174594","PERSON","","","","","","","","#creación literaria|#narrativa|#personajes","Antagonista en DDG","",""
"00d9ad44-9f79-4cbe-9d6b-6c5b7d2601be","Domar a la divina garza - Sergio Pitol.txt","Marietta Karapetiz,","char-offset:178090","PERSON","","","","","","","","#creación literaria|#narrativa|#personajes","Antagonista en DDG","",""
"44fce64e-63d9-49c2-bd4d-4c3188f182a5","Domar a la divina garza - Sergio Pitol.txt","Dante de la Estrella","char-offset:178438","PERSON","","","","","","","","#creación literaria|#narrativa|#personajes","Nombre del protagonista de DDG","",""
"07a71830-5e38-4f32-9009-c1d1b6674bdb","Domar a la divina garza - Sergio Pitol.txt","Dante de la Estrella","char-offset:179012","PERSON","","","","","","","","#creación literaria|#narrativa|#personajes","Nombre del protagonista de DDG","",""
"3337d111-7140-41ea-8d64-5b920af01b4d","Domar a la divina garza - Sergio Pitol.txt","Gogol","char-offset:179901","PERSON","","","","","","","","#creación literaria|#narrativa|#carnaval|#intertexto","Escrior Ruso del Siglo XIX|Nicolás Gógol; Soróchintsy, Gobernación de Poltava, 1 de abril de 1809- Moscú; 4 de marzo de 1852) fue un escritor ruso​ de origen ucraniano. Cultivó varios géneros, pero fue notablemente conocido como dramaturgo, novelista y escritor de cuentos cortos. Su obra más conocida es, probablemente, Almas muertas, considerada por muchos como la primera novela moderna en lengua rusa.","",""
"ddc3e85b-4431-4443-83a1-8215b896f18c","Domar a la divina garza - Sergio Pitol.txt","literatura","char-offset:179944","EVENT","","","","","","","","#creación literaria|#narrativa","Creación literaria","",""
"9fe1c4c7-9ced-4dc6-95be-515243401dfa","Domar a la divina garza - Sergio Pitol.txt","Gogol","char-offset:181464","PERSON","","","","","","","","#creación literaria|#narrativa|#carnaval|#intertexto","Escrior Ruso del Siglo XIX|Nicolás Gógol; Soróchintsy, Gobernación de Poltava, 1 de abril de 1809- Moscú; 4 de marzo de 1852) fue un escritor ruso​ de origen ucraniano. Cultivó varios géneros, pero fue notablemente conocido como dramaturgo, novelista y escritor de cuentos cortos. Su obra más conocida es, probablemente, Almas muertas, considerada por muchos como la primera novela moderna en lengua rusa.","",""
"2837fd0e-c616-4334-be02-b3801dbf0f63","Domar a la divina garza - Sergio Pitol.txt","Gogol","char-offset:181932","PERSON","","","","","","","","#creación literaria|#narrativa|#carnaval|#intertexto","Escrior Ruso del Siglo XIX|Nicolás Gógol; Soróchintsy, Gobernación de Poltava, 1 de abril de 1809- Moscú; 4 de marzo de 1852) fue un escritor ruso​ de origen ucraniano. Cultivó varios géneros, pero fue notablemente conocido como dramaturgo, novelista y escritor de cuentos cortos. Su obra más conocida es, probablemente, Almas muertas, considerada por muchos como la primera novela moderna en lengua rusa.","",""
"bb186267-873e-4b69-8b9a-f7b2203918c0","Domar a la divina garza - Sergio Pitol.txt","Gogol","char-offset:183522","PERSON","","","","","","","","#creación literaria|#narrativa|#carnaval|#intertexto","Escrior Ruso del Siglo XIX|Nicolás Gógol; Soróchintsy, Gobernación de Poltava, 1 de abril de 1809- Moscú; 4 de marzo de 1852) fue un escritor ruso​ de origen ucraniano. Cultivó varios géneros, pero fue notablemente conocido como dramaturgo, novelista y escritor de cuentos cortos. Su obra más conocida es, probablemente, Almas muertas, considerada por muchos como la primera novela moderna en lengua rusa.","",""
"e6c48863-e32a-41b8-829a-4e714b0967be","Domar a la divina garza - Sergio Pitol.txt","Estambul","char-offset:183694","PLACE","http://sws.geonames.org/745044","İstanbul","","41.01384","28.94966","","UNVERIFIED","","","",""
"d240cecf-2f52-468f-ad1a-75fc4e6b95fc","Domar a la divina garza - Sergio Pitol.txt","Dante de la Estrella","char-offset:188377","PERSON","","","","","","","","#creación literaria|#narrativa|#personajes","Nombre del protagonista de DDG","",""
"975d6852-979c-4819-a0af-46a325bd0047","Domar a la divina garza - Sergio Pitol.txt","Marietta Karapetiz,","char-offset:189241","PERSON","","","","","","","","#creación literaria|#narrativa|#personajes","Antagonista en DDG","",""
"ab3ec2cd-7944-4926-9a33-c3c4bf3b9bef","Domar a la divina garza - Sergio Pitol.txt","Dante C. de la Estrella","char-offset:190452","PERSON","","","","","","","","#creación literaria|#narrativa|#novela|#personajes","Protagonista de DDG|Personaje de la novela escrita por el viejo novelista que se llamará ""Domar a la divina garza""","",""
"327cd767-0832-4916-84be-26a93abc6d0b","Domar a la divina garza - Sergio Pitol.txt","Dante de la Estrella","char-offset:191290","PERSON","","","","","","","","#creación literaria|#narrativa|#personajes","Nombre del protagonista de DDG","",""
"632b559f-5ec6-4085-a841-124847bd8315","Domar a la divina garza - Sergio Pitol.txt","Marietta Karapetiz","char-offset:192562","PERSON","","","","","","","","#creación literaria|#narrativa|#novela|#personajes","Antagonista de DDG|Personaje de la novela escrita por el viejo novelista que se llamará ""Domar a la divina garza""

","",""
"247831cf-e97d-4531-b748-f601c7c86b8a","Domar a la divina garza - Sergio Pitol.txt","Estambul","char-offset:192727","PLACE","http://sws.geonames.org/745044","İstanbul","","41.01384","28.94966","","UNVERIFIED","","","",""
"c3c38922-5cd1-48a6-affa-492b02bbe999","Domar a la divina garza - Sergio Pitol.txt","Marietta Karapetiz,","char-offset:195786","PERSON","","","","","","","","#creación literaria|#narrativa|#personajes","Antagonista en DDG","",""
"dc9b8671-f019-4be8-994d-8d1ba6c23b0e","Domar a la divina garza - Sergio Pitol.txt","Marietta Karapetiz","char-offset:196342","PERSON","","","","","","","","#creación literaria|#narrativa|#novela|#personajes","Antagonista de DDG|Personaje de la novela escrita por el viejo novelista que se llamará ""Domar a la divina garza""

","",""
"753a1daf-ab47-42ee-b695-9784d29e6d65","Domar a la divina garza - Sergio Pitol.txt","Marietta Karapetiz,","char-offset:200561","PERSON","","","","","","","","#creación literaria|#narrativa|#personajes","Antagonista en DDG","",""
"cb520991-5b5d-4753-8bdd-bc17dd069f92","Domar a la divina garza - Sergio Pitol.txt","Estambul","char-offset:203982","PLACE","http://sws.geonames.org/745044","İstanbul","","41.01384","28.94966","","UNVERIFIED","","","",""
"dabb566a-c8c7-44d9-af48-2d8e649f675e","Domar a la divina garza - Sergio Pitol.txt","Marietta Karapetiz","char-offset:205192","PERSON","","","","","","","","#creación literaria|#narrativa|#novela|#personajes","Antagonista de DDG|Personaje de la novela escrita por el viejo novelista que se llamará ""Domar a la divina garza""

","",""
"4b94461b-b9ea-48bc-b002-d4b37cf13ad8","Domar a la divina garza - Sergio Pitol.txt","Marietta Karapetiz","char-offset:208163","PERSON","","","","","","","","#creación literaria|#narrativa|#novela|#personajes","Antagonista de DDG|Personaje de la novela escrita por el viejo novelista que se llamará ""Domar a la divina garza""

","",""
"e63e31ae-09c6-49fc-b1e8-4d52e6cca92a","Domar a la divina garza - Sergio Pitol.txt","México","char-offset:209040","PLACE","http://sws.geonames.org/3523272","México","","19.364702786652465","-99.63794497692585","","VERIFIED","","","",""
"11bcb621-2111-4d25-b613-bb9425649b69","Domar a la divina garza - Sergio Pitol.txt","Marietta Karapetiz","char-offset:213775","PERSON","","","","","","","","#creación literaria|#narrativa|#novela|#personajes","Antagonista de DDG|Personaje de la novela escrita por el viejo novelista que se llamará ""Domar a la divina garza""

","",""
"e16860f1-0c56-445d-b541-a672665ba7a3","Domar a la divina garza - Sergio Pitol.txt","Marietta Karapetiz","char-offset:215749","PERSON","","","","","","","","#creación literaria|#narrativa|#novela|#personajes","Antagonista de DDG|Personaje de la novela escrita por el viejo novelista que se llamará ""Domar a la divina garza""

","",""
"594b8dea-22db-4e8d-b4ac-32a8c4f0be23","Domar a la divina garza - Sergio Pitol.txt","Marietta Karapetiz","char-offset:219118","PERSON","","","","","","","","#creación literaria|#narrativa|#novela|#personajes","Antagonista de DDG|Personaje de la novela escrita por el viejo novelista que se llamará ""Domar a la divina garza""

","",""
"3db06a3b-c875-4699-830b-541afb4ae20c","Domar a la divina garza - Sergio Pitol.txt","México","char-offset:219616","PLACE","http://sws.geonames.org/3523272","México","","19.364702786652465","-99.63794497692585","","VERIFIED","","","",""
"1a82831b-5fbb-4eb6-9060-58f109b7769f","Domar a la divina garza - Sergio Pitol.txt","Marietta Karapetiz","char-offset:222456","PERSON","","","","","","","","#creación literaria|#narrativa|#novela|#personajes","Antagonista de DDG|Personaje de la novela escrita por el viejo novelista que se llamará ""Domar a la divina garza""

","",""
"83b79a9e-603d-4785-b010-696baa23f63c","Domar a la divina garza - Sergio Pitol.txt","Marietta Karapetiz","char-offset:225444","PERSON","","","","","","","","#creación literaria|#narrativa|#novela|#personajes","Antagonista de DDG|Personaje de la novela escrita por el viejo novelista que se llamará ""Domar a la divina garza""

","",""
"1697fcb2-5cb2-4c8a-9d70-0da0133458b4","Domar a la divina garza - Sergio Pitol.txt","la fiesta","char-offset:229070","","","","","","","","","#creación literaria|#carnaval|#novela","Conexión con el carnaval, el ritual","",""
"c00a07b4-193a-45a4-b65b-2ddf3293a21a","Domar a la divina garza - Sergio Pitol.txt","México","char-offset:231266","PLACE","http://sws.geonames.org/3523272","México","","19.364702786652465","-99.63794497692585","","VERIFIED","","","",""
"7dea185a-a8ae-4cd3-87e7-f4cee925d760","Domar a la divina garza - Sergio Pitol.txt","Marietta Karapetiz","char-offset:231745","PERSON","","","","","","","","#creación literaria|#narrativa|#novela|#personajes","Antagonista de DDG|Personaje de la novela escrita por el viejo novelista que se llamará ""Domar a la divina garza""

","",""
"3cb16cab-a99c-4f9a-b701-5aa17646abf3","Domar a la divina garza - Sergio Pitol.txt","Marietta Karapetiz","char-offset:232752","PERSON","","","","","","","","#creación literaria|#narrativa|#novela|#personajes","Antagonista de DDG|Personaje de la novela escrita por el viejo novelista que se llamará ""Domar a la divina garza""

","",""
"75fa5bd0-d1f6-4e20-8008-aff345fbebfa","Domar a la divina garza - Sergio Pitol.txt","Dante C. de la Estrella","char-offset:234179","PERSON","","","","","","","","#creación literaria|#narrativa|#novela|#personajes","Protagonista de DDG|Personaje de la novela escrita por el viejo novelista que se llamará ""Domar a la divina garza""","",""
"2c626377-34c4-456c-8228-15288802ce51","Domar a la divina garza - Sergio Pitol.txt","Marietta Karapetiz,","char-offset:236578","PERSON","","","","","","","","#creación literaria|#narrativa|#personajes","Antagonista en DDG","",""
"df91d1a8-e7c6-44c5-a7c7-21461c772bd5","Domar a la divina garza - Sergio Pitol.txt","Marietta Karapetiz","char-offset:239192","PERSON","","","","","","","","#creación literaria|#narrativa|#novela|#personajes","Antagonista de DDG|Personaje de la novela escrita por el viejo novelista que se llamará ""Domar a la divina garza""

","",""
